{"NumModels": 1, "ModelIndexes": {"0": "ECG_FIRST_RANK_0"}, "ModelDescriptions": [{"Name": "ECG_FIRST_RANK_0", "ClassMaps": {"1": "Kevin_ECG", "2": "Libra_ECG", "3": "Ruby_ECG", "4": "Unknown", "0": "Unknown"}, "ModelType": "Decision Tree Ensemble", "FeatureNames": ["ECG_RawSkew", "ECG_Rawminimum", "ECG_RawMedian", "ECG_RawLinearRegressionStdErr_0003", "ECG_Rawmaximum", "ECG_RawVariance", "ECG_Raw25Percentile", "ECG_RawAbsSum", "ECG_RawIQR"], "FeatureFunctions": ["Skewness", "Minimum", "Median", "Linear Regression Stats", "Maximum", "Variance", "25th Percentile", "Absolute Sum", "Interquartile Range"], "knowledgepack_summary": [{"name": "Windowing", "type": "segmenter", "inputs": {"delta": 100, "input_data": "temp.raw", "train_delta": 0, "window_size": 200, "group_columns": ["segment_uuid", "Label"], "enable_train_delta": false, "return_segment_index": false}, "outputs": ["temp.Windowing0"]}, {"set": [{"family": null, "inputs": {"columns": ["ECG_Raw"]}, "outputs": [0], "function_name": "Skewness"}, {"family": null, "inputs": {"columns": ["ECG_Raw"]}, "outputs": [0], "function_name": "Minimum"}, {"family": null, "inputs": {"columns": ["ECG_Raw"]}, "outputs": [0], "function_name": "Median"}, {"family": true, "inputs": {"columns": ["ECG_Raw"]}, "outputs": [3], "function_name": "Linear Regression Stats"}, {"family": null, "inputs": {"columns": ["ECG_Raw"]}, "outputs": [0], "function_name": "Maximum"}, {"family": null, "inputs": {"columns": ["ECG_Raw"]}, "outputs": [0], "function_name": "Variance"}, {"family": null, "inputs": {"columns": ["ECG_Raw"]}, "outputs": [0], "function_name": "25th Percentile"}, {"family": null, "inputs": {"columns": ["ECG_Raw"]}, "outputs": [0], "function_name": "Absolute Sum"}, {"family": null, "inputs": {"columns": ["ECG_Raw"]}, "outputs": [0], "function_name": "Interquartile Range"}], "name": "generator_set", "type": "generatorset", "inputs": {"input_data": "temp.Windowing0", "group_columns": ["segment_uuid", "Label", "SegmentID"]}, "outputs": ["temp.generator_set0", "temp.features.generator_set0"]}, {"name": "Min Max Scale", "type": "transform", "inputs": {"pad": 0, "max_bound": 255, "min_bound": 0, "input_data": "temp.generator_set0", "passthrough_columns": ["segment_uuid", "Label", "SegmentID"], "feature_min_max_parameters": {"maximums": {"gen_0019_ECG_RawIQR": 6460.0, "gen_0001_ECG_RawSkew": 4.448439121246338, "gen_0003_ECG_RawMedian": 4696.0, "gen_0015_ECG_RawAbsSum": 1662002.0, "gen_0002_ECG_Rawminimum": 267.0, "gen_0006_ECG_Rawmaximum": 32643.0, "gen_0009_ECG_RawVariance": 93801336.0, "gen_0012_ECG_Raw25Percentile": 2642.0, "gen_0004_ECG_RawLinearRegressionStdErr_0003": 11.657843589782715}, "minimums": {"gen_0019_ECG_RawIQR": 313.75, "gen_0001_ECG_RawSkew": -2.959925651550293, "gen_0003_ECG_RawMedian": -4576.5, "gen_0015_ECG_RawAbsSum": 47654.0, "gen_0002_ECG_Rawminimum": -32419.0, "gen_0006_ECG_Rawmaximum": -1934.0, "gen_0009_ECG_RawVariance": 66928.78125, "gen_0012_ECG_Raw25Percentile": -5207.0, "gen_0004_ECG_RawLinearRegressionStdErr_0003": 0.3085431456565857}}}, "outputs": ["temp.Min_Max_Scale0.RCL.0", "temp.features.Min_Max_Scale0.RCL.0"], "feature_table": "temp.features.generator_set0"}], "sensors_columns": ["ECG_Raw"], "uuid": "e9a163cb-27d6-4b14-b161-6287fb11f995"}]}