{"NumModels": 1, "ModelIndexes": {"0": "ECG_TEST_2_RANK_1"}, "ModelDescriptions": [{"Name": "ECG_TEST_2_RANK_1", "ClassMaps": {"1": "Kevin_ECG", "2": "Libra_ECG", "3": "Ruby_ECG", "4": "Unknown", "0": "Unknown"}, "ModelType": "Decision Tree Ensemble", "FeatureNames": ["ECG_RawSkew", "ECG_RawLinearRegressionStdErr_0003", "ECG_Rawmaximum", "ECG_RawVariance"], "FeatureFunctions": ["Skewness", "Linear Regression Stats", "Maximum", "Variance"], "knowledgepack_summary": [{"name": "Windowing", "type": "segmenter", "inputs": {"delta": 150, "input_data": "temp.raw", "train_delta": 0, "window_size": 400, "group_columns": ["segment_uuid", "Label"], "enable_train_delta": false, "return_segment_index": false}, "outputs": ["temp.Windowing0"]}, {"set": [{"family": null, "inputs": {"columns": ["ECG_Raw"]}, "outputs": [0], "function_name": "Skewness"}, {"family": true, "inputs": {"columns": ["ECG_Raw"]}, "outputs": [3], "function_name": "Linear Regression Stats"}, {"family": null, "inputs": {"columns": ["ECG_Raw"]}, "outputs": [0], "function_name": "Maximum"}, {"family": null, "inputs": {"columns": ["ECG_Raw"]}, "outputs": [0], "function_name": "Variance"}], "name": "generator_set", "type": "generatorset", "inputs": {"input_data": "temp.Windowing0", "group_columns": ["segment_uuid", "Label", "SegmentID"]}, "outputs": ["temp.generator_set0", "temp.features.generator_set0"]}, {"name": "Min Max Scale", "type": "transform", "inputs": {"pad": 0, "max_bound": 255, "min_bound": 0, "input_data": "temp.generator_set0", "passthrough_columns": ["segment_uuid", "Label", "SegmentID"], "feature_min_max_parameters": {"maximums": {"gen_0001_ECG_RawSkew": 3.9805796146392822, "gen_0006_ECG_Rawmaximum": 32410.0, "gen_0009_ECG_RawVariance": 55116432.0, "gen_0004_ECG_RawLinearRegressionStdErr_0003": 3.070314884185791}, "minimums": {"gen_0001_ECG_RawSkew": -1.6367816925048828, "gen_0006_ECG_Rawmaximum": -317.0, "gen_0009_ECG_RawVariance": 184971.9375, "gen_0004_ECG_RawLinearRegressionStdErr_0003": 0.174557626247406}}}, "outputs": ["temp.Min_Max_Scale0.RCL.1", "temp.features.Min_Max_Scale0.RCL.1"], "feature_table": "temp.features.generator_set0"}], "sensors_columns": ["ECG_Raw"], "uuid": "90f35a81-bc15-4d4d-9134-6795baec8bca"}]}